{"1": [1743636013.2094686, 1], "2": [1743636019.106365, 1], "3": [1743636024.9164448, 1], "4": [1743636030.9701445, 1], "5": [1743636036.9558618, 1], "6": [1743636042.754233, 1], "7": [1743636048.5888546, 1], "8": [1743636054.496088, 1], "9": [1743636060.3658967, 1], "10": [1743482483.0514667, 1]}