{"1": [1743561315.3044178, 1], "2": [1743561321.5374749, 1], "3": [1743561328.4026744, 1], "4": [1743561334.2965863, 1], "5": [1743561340.2918332, 1], "6": [1743561346.1792116, 1], "7": [1743561352.2084496, 1], "8": [1743561358.2777307, 1], "9": [1743561364.9166932, 1], "10": [1743482483.0514667, 1]}