{"1": [1743490443.9610074, 1], "2": [1743490450.0009854, 1], "3": [1743490456.3246887, 1], "4": [1743490462.6402192, 1], "5": [1743490468.5683262, 1], "6": [1743490474.5036547, 1], "7": [1743490480.3182216, 1], "8": [1743490486.1538954, 1], "9": [1743490492.064545, 1], "10": [1743482483.0514667, 1]}