{"1": [1743130067.0673175, 1], "2": [1743130318.7001495, 1], "3": [1743130377.9072049, 1], "4": [1743130436.793239, 1], "5": [1743130499.3923204, 1], "6": [1743130558.0024655, 1], "7": [1743130615.5581677, 1], "8": [1743130678.5345483, 1], "9": [1743130737.8802223, 1], "10": [0, -1]}