{"1": [1743527111.6438034, 1], "2": [1743527117.785284, 1], "3": [1743527123.7626646, 1], "4": [1743527129.7941196, 1], "5": [1743527135.642026, 1], "6": [1743527141.798577, 1], "7": [1743527148.4795613, 1], "8": [1743527154.4330645, 1], "9": [1743527160.2810538, 1], "10": [1743482483.0514667, 1]}