{"1": [1743530745.4297934, 1], "2": [1743530752.5209486, 1], "3": [1743530759.1658227, 1], "4": [1743530765.5665476, 1], "5": [1743530772.2645764, 1], "6": [1743530778.6917036, 1], "7": [1743530787.9668148, 1], "8": [1743530794.191557, 1], "9": [1743530800.351817, 1], "10": [1743482483.0514667, 1]}