{"1": [1744153079.5158887, 1], "2": [1744153086.0635657, 1], "3": [1744153092.0900645, 1], "4": [1744153098.521455, 1], "5": [1744153104.8375406, 1], "6": [1744153111.0165904, 1], "7": [1744153118.864437, 1], "8": [1744153125.3025231, 1], "9": [1744153131.1255374, 1], "10": [1743482483.0514667, 1]}