{"1": [1744053158.3855872, 1], "2": [1744053164.3583078, 1], "3": [1744053170.3949292, 1], "4": [1744053176.250808, 1], "5": [1744053182.380325, 1], "6": [1744053188.5103147, 1], "7": [1744053194.9232867, 1], "8": [1744053200.875624, 1], "9": [1744053206.8109298, 1], "10": [1743482483.0514667, 1]}