{"1": [1744243216.6213427, 1], "2": [1744243222.7455537, 1], "3": [1744243228.611518, 1], "4": [1744243235.1842458, 1], "5": [1744243241.359411, 1], "6": [1744243247.2360022, 1], "7": [1744243253.0673141, 1], "8": [1744243259.1555364, 1], "9": [1744243265.0772464, 1], "10": [1743482483.0514667, 1]}